lag1,lag2,Sector
0.003460613,0.007792446,Tech
0.00496188,0.009530955,Industrials
0.008980678,0.012439759,Consumer
0.010037016,0.019622579,Financials
0.009329109,0.01980376,Commodity
0.0234096,0.026458494,Energy
0.023182991,0.031302197,Health
0.031816243,0.049620825,Staples
0.350781693,0.428744905,Utility
